{
    "battle.gracezero": {
        "category": "master",
        "sounds": [
            "battle/gracezero"
        ]
    },
    "battle.grace": {
        "category": "master",
        "sounds": [
            "battle/grace"
        ]
    },
    "battle.chest": {
        "category": "master",
        "sounds": [
            "battle/chest",
            "battle/chest2"
        ]
    },
    "battle.death": {
        "category": "master",
        "sounds": [
            "battle/death",
            "battle/death2"
        ]
    },
    "battle.music": {
        "category": "music",
        "sounds": [
            "battle/music/BattleMode1",
            "battle/music/BattleMode2",
            "battle/music/BattleMode3",
            "battle/music/BattleMode4"
        ]
    }
}