{
    "battle.gracezero": {
        "sounds": [
            {
                "name": "battle/gracezero"
            }
        ]
    },
    "battle.grace": {
        "sounds": [
            {
                "name": "battle/grace"
            }
        ]
    },
    "battle.chest": {
        "sounds": [
            {
                "name": "battle/chest"
            },
            {
                "name": "battle/chest2"
            }
        ]
    },
    "battle.death": {
        "sounds": [
            {
                "name": "battle/death"
            },
            {
                "name": "battle/death2"
            }
        ]
    },
    "battle.music": {
        "sounds": [
            {
                "name": "battle/music/battle1",
                "stream": true
            },
            {
                "name": "battle/music/battle2",
                "stream": true
            },
            {
                "name": "battle/music/battle3",
                "stream": true
            },
            {
                "name": "battle/music/battle4",
                "stream": true
            }
        ]
    }
}